{
    "loss": 1.4621890783309937,
    "accuracy": 0.261634886264801
}